{"cameraMode":{"drawMode":0,"name":"Shaded","section":"Shading Mode"},"sceneLighting":true,"audioPlay":false,"sceneViewState":{"showFog":true,"showMaterialUpdate":false,"showSkybox":true,"showFlares":true,"showImageEffects":true,"showParticleSystems":true},"in2DMode":false,"pivot":{"x":5.427624702453613,"y":-11.430963516235352,"z":81.16923522949219},"rotation":{"x":-0.0853368267416954,"y":-0.03705935180187225,"z":0.003176328958943486,"w":-0.995658278465271},"size":37.87717819213867,"orthographic":false}