{"cameraMode":{"drawMode":0,"name":"Shaded","section":"Shading Mode"},"sceneLighting":true,"audioPlay":false,"sceneViewState":{"showFog":true,"showMaterialUpdate":false,"showSkybox":false,"showFlares":true,"showImageEffects":true,"showParticleSystems":true},"in2DMode":false,"pivot":{"x":-6.13961124420166,"y":-1.110433578491211,"z":25.000476837158204},"rotation":{"x":0.16273704171180726,"y":0.020718887448310853,"z":-0.0034171880688518287,"w":0.9864485263824463},"size":18.70920753479004,"orthographic":false}